,reads,writes
0,0.005512214961168953,0.0031631119782578607
1,0.004564372322846544,0.006430524658451073
2,0.003248185448644008,0.003922343069481767
3,0.0036333733417001604,0.005604422219262887
4,0.006087237944533873,0.0065785513159648396
5,0.002943663155804713,0.006611613490813407
6,0.003986495495851992,0.007045758016827192
7,0.004071129631687279,0.00551892569680444
8,0.0050527604055321225,0.00539314319132536
9,0.005572343551571115,0.004463758383416047
10,0.003215047258388893,0.0050290276720651615
11,0.0036573392841283865,0.0041228639526820175
12,0.0029193772735523283,0.0013469444359765744
13,0.003895330087359863,0.005454745355278459
14,0.00413761865730363,0.004103946197360145
15,0.004901998849276808,0.006613572293529502
16,0.005409146869423343,0.004115748471282108
17,0.002711207335178247,0.0052305754571755105
18,0.0033597607368426033,0.004989998247092287
19,0.0040322094678426025,0.004115095039712897
20,0.004884405260214237,0.00692983620995497
21,0.0028554007926898475,0.005871985973248498
22,0.0039503959506077945,0.002542630618061404
23,0.0033338633926179176,0.0033313246580334325
24,0.0032785963907218155,0.008136013750197879
25,0.004733093329885757,0.0061784475900656995
26,0.003500513044253099,0.005587681665009706
27,0.00399695931632216,0.0054160326920187985
28,0.003373803496935188,0.005968835304698484
29,0.002794098565911028,0.006843123306815925
30,0.004542877265685619,0.006129282436416977
31,0.0032277197999904055,0.004093936072413312
32,0.0031327221014428486,0.004550506869753758
33,0.004377739044496794,0.003026973006735058
34,0.004780566460584343,0.004076521405209979
35,0.0035300788336412527,0.004202081650939548
36,0.0028103474543083517,0.005066680388018898
37,0.0028359817832824714,0.004772082186239057
38,0.002813799203727132,0.003521950014053701
39,0.003947195658175558,0.001907986569306463
40,0.004862505398374236,0.005319080407686838
41,0.005787534412886266,0.006666769154674896
42,0.003090131867771692,0.005991056192742735
43,0.0036606726702225227,0.00582710476955312
44,0.0036182291387690494,0.007818511834614555
45,0.004943561068130871,0.0033268822141114913
46,0.003311500560962061,0.005075263402089277
47,0.002958962076912799,0.004709426971869701
48,0.0023743091406138745,0.005059744404570409
49,0.003656321384942596,0.00624882683345574
50,0.004095107527456168,0.008220199364592009
51,0.0030728970469459404,0.0054284783997201064
52,0.003605232430712069,0.005234459674983487
53,0.004798430139588496,0.005071827051022405
54,0.004934689751034584,0.005055765257789528
55,0.003732385490043318,0.005609075889233002
56,0.003487373405246414,0.0017924851218231882
57,0.0031167673519763147,0.0043990595047555805
58,0.00568185309030006,0.005750586740929975
59,0.0037438039797387385,0.00600338670743727
60,0.0030483670926838066,0.006332780880031508
61,0.0040908092433686654,0.006732239379004923
62,0.003320556743459934,0.004674039359861265
63,0.005245887611155255,0.0050996238112968
64,0.0038722261984614256,0.004979179248951901
65,0.006409630305232552,0.005356958841162968
66,0.003827103598179162,0.0045222822827357834
67,0.003018761652038502,0.005762267520515598
68,0.004162675601085909,0.0044605567907380714
69,0.005064758668495666,0.0045288741265081065
70,0.0035626765375089977,0.00464229477687366
71,0.005311967343118637,0.003537741856522682
72,0.004025817965742665,0.006457597253203035
73,0.004968451841190076,0.003738430310887367
74,0.004663188969842755,0.003666005811983765
75,0.0028107659331086544,0.003094779352135611
76,0.004990117256035971,0.004190804555179341
77,0.00416696115372559,0.0038702777656841932
78,0.0029482219618983526,0.00603682302215883
79,0.0034420540977210265,0.007385123084790704
80,0.004071691367537129,0.0028643919765773966
81,0.0051419912179935644,0.004425271040751073
82,0.004117992511369094,0.007973461383601624
83,0.005804405495564117,0.004520962218494684
84,0.004675861006804125,0.002388503296704352
85,0.003937400941740994,0.0032228658263782814
86,0.004418322099854252,0.005303307799382888
87,0.004228975057050069,0.003782410885715037
88,0.00439186020062664,0.005215498356879497
89,0.005336306008112595,0.0037619828223866606
90,0.005233926984209954,0.006846022783411132
91,0.0016516943096787202,0.004897138151867444
92,0.005119343340345308,0.004956316485947884
93,0.003071959198238023,0.003078385051605604
94,0.002478522759778447,0.004941254552851976
95,0.004377458345926436,0.004360185236561501
96,0.004477658854063305,0.0041264045774513135
97,0.004704673895181622,0.005409070746993483
98,0.004036239066641139,0.002342143619090363
99,0.0046534209880482675,0.004149786272166256
100,0.005462689955205404,0.00586453387992444
101,0.002566451751931574,0.004338705938763619
102,0.004910057743450557,0.004496295335042911
103,0.0030622902485653216,0.002337240778153221
104,0.004366102829271616,0.004920883418017506
105,0.004663502910314303,0.00550059817290835
106,0.0038001753862278945,0.006100359869883776
107,0.0023478512483449928,0.006663784530665573
108,0.006136450871678523,0.002721637885904901
109,0.004412410161540149,0.004639559745238045
110,0.0026698356630824537,0.008561631930625643
111,0.0038089650721782244,0.005635781565577959
112,0.0023770790177422285,-0.00015491984980854374
113,0.003091239834009854,0.006146062025590274
114,0.004993855298013129,0.00635294635481546
115,0.006105161526666273,0.006141899223021982
116,0.003037530596270876,0.005666203659830499
117,0.005037518466538587,0.005704743901356346
118,0.005370097987403542,0.007304777725778864
119,0.003935298962836364,0.004975715772630308
120,0.0031724054040357104,0.006090149172563793
121,0.003584570792511983,0.004047345570417455
122,0.0040956473901469035,0.005012946393309225
123,0.0026930011495616326,0.005556564731243889
124,0.0036327658490371436,0.005550046377604274
125,0.004025662002666415,0.0060807980275296375
126,0.005556714403200264,0.006701808364422583
127,0.004929371272512777,0.006829312067811956
128,0.002858254645928314,0.003292310810635321
129,0.0045298170914948345,0.0041235415238185255
130,0.004054341981209873,0.005383571332163195
131,0.001962409351826761,0.004644296500548039
132,0.003927516696032622,0.004770255387246488
133,0.005581175908632744,0.004603641846237178
134,0.00283592913750033,0.004124843647183053
135,0.004273466716119862,0.004387389734731483
136,0.0023408273268311973,0.0027605675882864207
137,0.003243384725966262,0.0025387476355489902
138,0.003255100656803539,0.004577164177404858
139,0.0031812006823890068,0.005713859850966176
140,0.0035319064468893485,0.004640602063877527
141,0.004577577095973669,0.003898649661945524
142,0.004730402864507499,0.006313080565625166
143,0.003681474019110896,0.0075826219412267245
144,0.002618985336152866,0.00452097228050622
145,0.0040545317912869345,0.003284166558692586
146,0.0035762134641694502,0.006182406445888317
147,0.004886200815754795,0.003283472709632103
148,0.004537896565855764,0.0048086556215484536
149,0.004445121162482946,0.0075299373003358564
150,0.004925139140348441,0.004835167356476465
151,0.003180839363405479,0.001866878286129406
152,0.005178447946872951,0.006897927525309362
153,0.00535759848237888,0.004640947537866834
154,0.0020287914329610176,0.0071165534843054285
155,0.004247786925254645,0.003600200246689462
156,0.0038278270863730457,0.005416898407556233
157,0.002289978010722442,0.0073677816122950926
158,0.005027224197968492,0.0035304482650278255
159,0.004977441186577722,0.005166593639636905
160,0.0043484319146981755,0.005085159019733745
161,0.0030738650013027694,0.004741887741947983
162,0.003810325490118175,0.005865090866301462
163,0.0029097913973888776,0.00575618682752899
164,0.004227232766176581,0.005280010309972002
165,0.004701177701163565,0.007080018731670929
166,0.00517303291891362,0.007090431640305531
167,0.003115117799533159,0.0034229206529401584
168,0.004195374934946333,0.002899970853926856
169,0.004501411675649001,0.004468300840127748
170,0.003723323576810511,0.0038545153946607084
171,0.0029820321519460815,0.005102646661068968
172,0.003111345745026841,0.003922563866778123
173,0.0034039583753695223,0.0030293114210970416
174,0.005975687078349574,0.006041162771863401
175,0.004088126111516043,0.0030024886119817216
176,0.004140587582371605,0.0049820121562647755
177,0.0032774834314455766,0.004523681263885586
178,0.0037229149633265526,0.004121889165998518
179,0.0025913735020505818,0.006474119652149013
180,0.0033812642814957145,0.006416925201594882
181,0.0049999334793455,0.0037037356133986727
182,0.0048117699754517485,0.004668492159476072
183,0.004726710977595779,0.002470812017621624
184,0.002472425988086886,0.00553643678126453
185,0.0032995468909909893,0.006032887482708904
186,0.004326007961218833,0.0035063889078427624
187,0.004121568298372979,0.003940957260054203
188,0.005445809682585988,0.005699512559917847
189,0.0030394460064362395,0.0015262429808907876
190,0.0025142897275950106,0.005154216070499427
191,0.0025969686552238212,0.004878323941014926
192,0.0032909416784899434,0.005274202239182757
193,0.005218605572413458,0.007945810459863043
194,0.004468933328552707,0.0036535689980682776
195,0.0033634624390292502,0.0065050864157525385
196,0.004043292065082429,0.005744600159245765
197,0.00365990394639162,0.005121714688466514
198,0.00394740887508431,0.004034069093254259
199,0.004654940432252439,0.004770118725431672
200,0.004170249035797297,0.006905559314012236
201,0.003349881774921031,0.007907098437264795
202,0.004471576555967205,0.0040772591677018565
203,0.005277766903858832,0.003023533489872915
204,0.0024161846914263372,0.003510703298269854
205,0.004064431817107123,0.0025571192376214694
206,0.0019899627651893473,0.00470410038840788
207,0.0029144292788918042,0.003093138082673204
208,0.003697984061733279,0.005108338014324914
209,0.004587751123585207,0.0038061828901945626
210,0.005519045207106869,0.0028020054432509305
211,0.00356646694133305,0.006322777739650783
212,0.0034231124136129094,0.004383128607292523
213,0.004255861671181919,0.007107981998635214
214,0.0036222730760050235,0.0076944448156142835
215,0.005137519353203437,0.0033743253078092903
216,0.0040584109064572375,0.0031332125780574854
217,0.004732033672707596,0.006071908396395846
218,0.004523159364062384,0.005816162505711322
219,0.002113593586538828,-4.3262188762532156e-05
220,0.003203801517991273,0.004068230297439773
221,0.0040560811389998555,0.004279807394052378
222,0.0028678973774786554,0.004914121165869566
223,0.004121496234730056,0.005513412757207554
224,0.0029358384684422226,0.002462222620702446
225,0.004285790964671609,0.005867995205601065
226,0.004332912385887631,0.003320502410676221
227,0.00513726594689564,0.004355349249693496
228,0.003902184421415041,0.006514780121001309
229,0.0034262553041629253,0.004394673947592709
230,0.004780078886350492,0.0025914688071236552
231,0.004467365033342897,0.00545012192453263
232,0.00606657855688178,0.005785183534673609
233,0.0042137708052465,0.005444282348767955
234,0.004769664042950765,0.0038956946145981657
235,0.0042496767464472625,0.005793653127937452
236,0.0032615874108981547,0.0056177117802774955
237,0.003186630111917504,0.006733632326241103
238,0.0035574187690458363,0.005903362433561297
239,0.003168142189749499,0.004660233886137891
240,0.003931310827547538,0.004162550988680587
241,0.005424532002098896,0.005027711913075436
242,0.0037961029178505868,0.006101745260777936
243,0.003752541439356924,0.005165963564950247
244,0.0034592338031049904,0.0037372684535856397
245,0.00399751212188954,0.0057371966655448345
246,0.003506738820217824,0.006750753034181728
247,0.00367295719151634,0.0022600926320492393
248,0.0037994467673054637,0.0037566834265325665
249,0.004534899560581553,0.0037185105003911985
250,0.005090190788334826,0.006307874491894817
251,0.0052244763773710064,0.004224786718982703
252,0.0035055053703897006,0.0026509149447032287
253,0.003640293803179046,0.004482702309675556
254,0.0040176948334275575,0.0034211277896589085
255,0.004125269485649201,0.001649082600227743
256,0.004161393085681676,0.005983889629220314
257,0.0033465738573569947,0.005044622579353624
258,0.0022376319473416525,0.006966127155015484
259,0.004913251807499915,0.003968997154688313
260,0.003247980095243238,0.004056943584673674
261,0.003589331534488873,0.007167994674427129
262,0.004981505436310915,0.005107500646231151
263,0.003949196467609853,0.006021805155951255
264,0.0033416756493435413,0.0036455111432996436
265,0.0034086454140901078,0.005757665351424862
266,0.0050333922821402186,0.005400057508386328
267,0.004817289468909994,0.004113683399855539
268,0.003994663367339645,0.004779027044268233
269,0.0031558910774498496,0.005096344579689874
270,0.0024051479048940575,0.0075642015527888325
271,0.003180852175139081,0.0044767428605532004
272,0.003013913196090969,0.005883182446457541
273,0.00572057059781449,0.005638525778436903
274,0.0034414573792912145,0.005025849316495786
275,0.0059225578164771725,0.0021902288285604913
276,0.003584893792577993,0.0059047275364948314
277,0.0023397778656962507,0.00552448601880151
278,0.004672450178185844,0.005371612416161774
279,0.0029268990605607432,0.0054334663555406495
280,0.003775380663137061,0.005436972554625407
281,0.003165161684529033,0.003708702993227684
282,0.0023732480104478055,0.004703307463127387
283,0.004407571560492922,0.005125960759595545
284,0.00347596460323671,0.004343533261513665
285,0.004430567297360389,0.004392800499780652
286,0.004473000605059033,0.00594543677322076
287,0.003416186631613986,0.006949741212780064
288,0.003421650519876801,0.003628686230815115
289,0.0023495811702756316,0.006594139823423968
290,0.004482677922906025,0.005254879455706157
291,0.006488628017970816,0.004508642250580096
292,0.0035526086977398764,0.007824807793145839
293,0.004995441823738313,0.0038515330117871033
294,0.0038832017036002516,0.0049026657429292065
295,0.003305469683253779,0.002627330416399559
296,0.004888766967723502,0.004806271898415468
297,0.003990649875806134,0.005996580314603877
298,0.0023573009777966454,0.005839050414372889
299,0.003256514927395274,0.004579094705975447
300,0.004880891598494672,0.0065694348885010695
301,0.0032321348262642244,0.004350037908863784
302,0.004666268379785162,0.007152480846662735
303,0.0028406584527445704,0.005290107997196114
304,0.004080223412549592,0.005048016282614726
305,0.0026962383854428943,0.004553998975860372
306,0.0058800157079709064,0.00532312175306271
307,0.004973758428749469,0.005785924518423578
308,0.003824743512763835,0.001177647861990325
309,0.002912222487229961,0.006248011250987685
310,0.003718055464995547,0.002306956072109108
311,0.002284103985662216,-0.00023485916119903721
312,0.005082313569013112,0.0039807332888622034
313,0.0037617310910262832,0.005206373024249952
314,0.005614196382580754,0.0049018579382382205
315,0.005408081391245437,0.006735963647131475
316,0.002524729755927912,0.0065661377373748536
317,0.004041105511146833,0.006611278742973637
318,0.003597016254524987,0.004801964967893249
319,0.002998194674861205,0.005144837206885484
320,0.0023357364397962738,0.003131100084054118
321,0.0045762209575922,0.0042185439924960905
322,0.00519413084340595,0.005084146247767775
323,0.005171800375446433,0.0024949232676576886
324,0.0036897895040122783,0.00461791455205341
325,0.0034224488435622043,0.0055364964212870245
326,0.0028928022923174123,0.004159852977506651
327,0.004714022809496789,0.005438962669199692
328,0.004184504774879386,0.0028197310381962866
329,0.00366584950166447,0.005405356416315913
330,0.0039201516306346575,0.0030107788915628565
331,0.00489225486764206,0.0038520927508757068
332,0.0029556714320177276,0.005183875596837489
333,0.004511439434177843,0.002813188076044746
334,0.004239870251562438,0.0036509967430510878
335,0.003690649217382148,0.004198261079880675
336,0.0038800849704814368,0.004139275465494318
337,0.0036087611356829057,0.005212510410940562
338,0.0040047043698539335,0.003925666245998074
339,0.004307040782527936,0.0038913111650444423
340,0.0037464660953642763,0.00515938272383935
341,0.00455790913408468,0.0023837218989706446
342,0.003134033917729504,0.006425613280773108
343,0.0036679061681561768,0.0031709029271274184
344,0.004110319288173522,0.005032191582463122
345,0.005581097369172018,0.006846436690648615
346,0.004887232697640632,0.006348189411576811
347,0.004202692252963289,0.004377021759034221
348,0.004149516154036558,0.003722332947743502
349,0.003377432737216532,0.004092168771055728
350,0.002857223808603286,0.007149676289984499
351,0.004260588707738075,0.004142593918594709
352,0.004392086706063093,0.0019257976199104293
353,0.005265350275936127,0.0061574672096491295
354,0.005039301887769087,0.0062386462311718
355,0.0034494408278597723,0.0029159126617685927
356,0.002325481956779147,0.0026417933842879195
357,0.00437846567860367,0.0046029902064599485
358,0.0036998357589395387,0.00718599681539194
359,0.0029898954524343706,0.007549650608433453
360,0.005218351072119878,0.00555732889962947
361,0.005241206560853207,0.006323842615066752
362,0.005000613367460322,0.0038793224420329087
363,0.003181064126674428,0.0060221731078823545
364,0.0037119685844123097,0.006268815812673146
365,0.005285553467694639,0.005032576407548436
366,0.0038475464430310106,0.00593510045015941
367,0.0020407575845340182,0.004590911565419276
368,0.004102363205622566,0.006854537590505966
369,0.0016311831550041701,0.002026542956346927
370,0.0018216653655584118,0.0042685710901579415
371,0.0044752321386834805,0.004742689515538493
372,0.003861679306288957,0.0031882881362868378
373,0.0036546576867342684,0.006188217089501119
374,0.004685976546382432,0.005178895096030594
375,0.003906583758641864,0.005163707339087098
376,0.002816517258544005,0.0037015777690680395
377,0.005040920755698919,0.004970289635377592
378,0.003554924065475585,0.00483137546771739
379,0.00417865436762439,0.00515209492188
380,0.005430669619421473,0.005014494584394417
381,0.005089898032629669,0.0017061226288150283
382,0.004620511261823293,0.005431612978427993
383,0.00511181218722944,0.006490282769842233
384,0.00438826199747112,0.004463185800542732
385,0.003884796714788753,0.006524494481099522
386,0.002416679572083921,0.0020546260691120303
387,0.003931420629373366,0.004767070648032438
388,0.005209928963837651,0.006033018586961477
389,0.003999396788851421,0.004808820800335669
390,0.003831371331415246,0.00561458578060973
391,0.0024277545713036618,0.005575470489972308
392,0.004800786831420423,0.0038720033917154437
393,0.003337414831001229,0.00602326505294163
394,0.0039713135193671,0.005032452154810988
395,0.003937446645510381,0.0036394623235244837
396,0.0027566258997574616,0.004281421087751198
397,0.0032167967239327662,0.003734501109063086
398,0.004145888773619931,0.0044431055073842545
399,0.0035750293388122174,0.0048724388995734285
400,0.00624211920412914,0.005779275255116097
401,0.004250007456393037,0.0028460214567588246
402,0.0037102704966807958,0.005716841388839852
403,0.00333256812254325,0.005001668158563768
404,0.004043555429154447,0.005181647306722414
405,0.0036263399244797117,0.004858526024239603
406,0.004395119408583276,0.006959954431655282
407,0.0029776864492482256,0.0028182987983564178
408,0.003416263507932638,0.006093019409316942
409,0.0035523990571840543,0.005436560034581333
410,0.005090189642518041,0.004988715855248909
411,0.005674540658625703,0.007477218351037998
412,0.004583273899769647,0.005952158373288196
413,0.004083571245787269,0.007262297132444325
414,0.004425809649995649,0.003587924583542209
415,0.005005694709799148,0.005367512066896666
416,0.004432950282573904,0.005804204629313644
417,0.0030277411423054665,0.00534452743249328
418,0.004104427945325925,0.007536756370167022
419,0.004688842387749725,0.006888504685508135
420,0.004869471388138894,0.006886729566964532
421,0.004720836833112646,0.0049834451784773704
422,0.004933335054883298,0.0037060573771175477
423,0.004022627679161667,0.007665250518902329
424,0.0030730547095862175,0.002511017589491806
425,0.004327850127730225,0.0035285978597183383
426,0.004100365081527118,0.0035059543608265344
427,0.004638816539720281,0.005113359134943552
428,0.0034197267152733094,0.003351158169928683
429,0.0033792438579965628,0.007701364609559466
430,0.004947035520982151,0.0046472122022947005
431,0.0049790294242331576,0.005698459558426524
432,0.0027031429394191574,0.0024632023748969263
433,0.004371373495493853,0.005096922311079122
434,0.0048696563857594044,0.0027032710552349066
435,0.003927773651552846,0.006393242331370067
436,0.006045962755014661,0.0018502284664153562
437,0.004290831194542795,0.005639005973588636
438,0.0022203814260858875,0.004323043825862548
439,0.0035614431813606037,0.006066211965437013
440,0.004691461886986263,0.004356773946665794
441,0.004580490057188856,0.0029396800983976837
442,0.0008016016377763451,0.004869488041758418
443,0.003703089741212153,0.0004705492039022499
444,0.0019239980380620328,0.007050441392914091
445,0.0031743232063821845,0.007937950921975034
446,0.004029741965210371,0.0037214488053176906
447,0.004089134188505189,0.0050135839611284315
448,0.0028296519133389555,0.0059051915826500555
449,0.003288567923076282,0.002860478968385387
450,0.004187318754810011,0.0040289507055529935
451,0.004770781532731893,0.005719985337142141
452,0.005718220378589273,0.007434573147832545
453,0.0009640008708756832,0.005309698093610789
454,0.0030051770367852384,0.004559013120964987
455,0.00457471991680698,0.006603769886638617
456,0.005288556211496062,0.006046564374557196
457,0.005547688162719115,0.006529582608376183
458,0.002571958366477628,0.0037762326461999243
459,0.003070421375150789,0.0036134814030950244
460,0.004922147302345464,0.003559161165013709
461,0.003942499143121512,0.005340813875875401
462,0.004438745945089647,0.0027105410348471685
463,0.0045707683953452065,0.004502687812981733
464,0.0032200500464491856,0.007504392468216075
465,0.005177029830710683,0.0037494124742271494
466,0.004647229134086175,0.007242332844534667
467,0.005067504660856138,0.006838253712046625
468,0.004316728465496332,0.004257021617857772
469,0.003570823402197657,0.004439307517748928
470,0.0038144035855630443,0.003798030588850424
471,0.0022502920022988366,0.0025597565832411054
472,0.0029962020971152884,0.004331463334072275
473,0.004650543836978272,0.00446768495863332
474,0.005411477978289806,0.0021238153213831313
475,0.004769884967994691,0.00361575883941504
476,0.005445714536638781,0.005211168980544973
477,0.00491923561823914,0.006619820782049158
478,0.00429652201523075,0.003803546735156773
479,0.0026448297845277115,0.004341456135527168
480,0.006650126501003195,0.007485016666375705
481,0.004554927796164524,0.004636866629022419
482,0.003932244470025985,0.00614286546976942
483,0.0036391206439935187,0.000965202270109212
484,0.003981570514615067,0.0035733184193000632
485,0.0028537572781457874,0.0045542309844180595
486,0.003846434450645082,0.007526141023432978
487,0.0032043892309119985,0.005747721627054066
488,0.002645252332947138,0.006935371660944437
489,0.0028771280361956203,0.007347836550277758
490,0.0026606935577610617,0.0057246390795140396
491,0.0041455696207311175,0.007124797141122521
492,0.004995155713237547,0.004863314529521427
493,0.0034886366516462134,0.004759280928407611
494,0.004862292391391585,0.0045769623169031205
495,0.0031529739581584657,0.006241459139853354
496,0.004778732394227403,0.008668977098797272
497,0.005406179595733931,0.005073053798469367
498,0.005062831778300244,0.003471660003256931
499,0.004816560161473074,0.006684324192855504
500,0.0027582497937478677,0.008122629771095796
501,0.00665413648999953,0.004447791793417318
502,0.004410677279976314,0.005748476771586548
503,0.003119600599373095,0.007962689687597752
504,0.0028682958237535743,0.004622324950387054
505,0.0037846655809670297,0.005535478312103876
506,0.004059919557780875,0.003592624851039906
507,0.0029148698578598843,0.005003497712773565
508,0.003963602261947162,0.0010502708481410416
509,0.004724645478978481,0.0025709655953556287
510,0.00381206323646827,0.0046747526036434485
511,0.00403301937560205,0.005641412310356381
512,0.0030210301783808106,0.006339337690674485
513,0.00403328658911917,0.006603899065814888
514,0.003943556145593976,0.0020907986162208006
515,0.004405051794755372,0.006397470113590288
516,0.0034781667608692925,0.00374920573651026
517,0.002610193372170368,0.006133495069269458
518,0.005571306374022002,0.004497567454251924
519,0.00540370465208498,0.006830038141858775
520,0.005754071394143924,0.004812802484238294
521,0.0050995043700200315,0.005937639992946279
522,0.0057298019438229006,0.0033147403474347416
523,0.00424021347083909,0.003904557165003343
524,0.004153659455530528,0.004641746408481994
525,0.005347438035067433,0.006076507582984527
526,0.0047904322114789835,0.004837148416817488
527,0.002927560479835977,0.00426855536136819
528,0.003496439262575429,0.004650411128581683
529,0.003377094713017738,0.0023468136353375236
530,0.004933049060942993,0.004422713704930848
531,0.0036010796709362997,0.009408636079046477
532,0.003487075586271679,0.0036371661564999075
533,0.003171902994528776,0.0059426483750956325
534,0.003124902629013241,0.004697634001418603
535,0.005009586871377391,0.006741113199127037
536,0.002361497403958162,0.004858542009446716
537,0.004439764403120526,0.007558095164777634
538,0.0028861083238268396,0.004078330017913077
539,0.004065570187034686,0.008153001715993775
540,0.0027657104708161415,0.005119254391064036
541,0.0047456065002651465,0.004592273602324319
542,0.0028787007011855745,0.006144171794145908
543,0.004656484750280553,0.005218108970956298
544,0.0044212392879690735,0.008968778936730329
545,0.003731111583023646,0.004969871258579288
546,0.00442189514808103,0.003478791898616931
547,0.003878187047875943,0.0031210301303763836
548,0.006164631801745684,0.0036310425176829053
549,0.005115407982830526,0.004743182920152772
550,0.0034271919579707604,0.0053166344951163895
551,0.0029517633429786403,0.007685702098743536
552,0.005611528354613237,0.004410714897627437
553,0.005153123713232817,0.00547647918560773
554,0.003152127143224313,0.00576122066707583
555,0.004611676889573222,0.004137250748258809
556,0.005073418643360067,0.002061819110992984
557,0.004861435483592578,0.006065387069914089
558,0.0029921440311694476,0.006322593638502197
559,0.00504469154973662,0.004300714648860836
560,0.005444453084702649,0.005126666309141599
561,0.0011980738430933612,0.004702790003215475
562,0.0042807632591320265,0.007262527733104755
563,0.005746882041420162,0.0036899736382918426
564,0.00257212959093407,0.0063263450668909205
565,0.004593021165723181,0.003890992505409638
566,0.004805059780199012,0.006081365524109726
567,0.003704494104496617,0.007146274712287246
568,0.003722017130448242,0.006511360245695347
569,0.0032291359140000824,0.005556221793136635
570,0.00452777038162891,0.004619228654297894
571,0.003207997252776599,0.005626879762448898
572,0.0038914834038528317,0.006425230112630057
573,0.004808695570664601,0.003158010937168173
574,0.0034921804568809364,0.004900407285468487
575,0.003751779863049919,0.0045590868599969395
576,0.0045526086640120395,0.005668613947684166
577,0.005680776523800739,0.005489683280318356
578,0.0030539535685243334,0.00697263113834801
579,0.003855692542403915,0.002690079465944806
580,0.004866993161174558,0.005660485897924714
581,0.00528282955796241,0.006034393876428403
582,0.003829123023553922,0.005264225902217054
583,0.002691438055611319,0.005848570868354064
584,0.005233812543161839,0.004560400833230745
585,0.00535324507366259,0.006402561935244906
586,0.003530709049416443,0.0044779867675534225
587,0.004093718507071907,0.002678811275409842
588,0.0025987664124536083,0.004530912599330775
589,0.005502224429474572,0.004810618538596571
590,0.003971061274048681,0.002790298815570773
591,0.005339180989739572,0.0043401577445786555
592,0.005251553241052158,0.004425652510223254
593,0.0031138358891925587,0.00473168410278468
594,0.0032654811477075478,0.004140358489280205
595,0.006217313113796305,0.003831247473668247
596,0.0032689951959015834,0.003880041438211806
597,0.004066332608802021,0.004667837766179704
598,0.0038422250431046027,0.004662237350213343
599,0.0035013791253400055,0.006008400911796649
600,0.004582119855595525,0.004523677835509863
601,0.0032894126570322084,-0.00046682867876472744
602,0.005417393078037406,0.007581624642112375
603,0.00513201306280515,0.005622848551156975
604,0.005124005488471717,0.004266775669517068
605,0.003526939708577445,0.00420927166474621
606,0.004074343177860488,0.0016944464594718296
607,0.0030141464626711233,0.006399216094252612
608,0.004192035803602757,0.002120448084728776
609,0.0050594214402885605,0.007627083737954354
610,0.004107033930611156,0.00419604535608578
611,0.002209558431609272,0.0048273051924057975
612,0.0036079370606640062,0.005241071014903441
613,0.0024400960007234566,0.005281320305280958
614,0.0028549235307810147,0.005517004010007841
615,0.005078966781667201,0.007058475519559133
616,0.005446796961142921,0.007463240542502605
617,0.004660356470315637,0.005528277440760096
618,0.00576692970190441,0.009472979325061016
619,0.002619460784026196,0.0023813302368100127
620,0.0030933145024469987,0.006100693928996298
621,0.004687823578128384,0.004439148009087978
622,0.0025240076928366413,0.0039010876175001826
623,0.0044106111756857394,0.00487693665815659
624,0.004794553486840336,0.00415706132637238
625,0.004013165161950213,0.005182912371486371
626,0.0037078343151064623,0.004682822389872622
627,0.004717701149627206,0.004414104903762124
628,0.003241918185491302,0.0038006066889952938
629,0.0038300346427461106,0.00599876307845761
630,0.00411143616963994,0.003934944106389643
631,0.002854705020275976,0.00599704922287323
632,0.004618606030085484,0.005015198581902677
633,0.0045303945966609135,0.00552759359542053
634,0.0036511830738030354,0.003949659240273749
635,0.004748504687294275,0.00561847991878308
636,0.003569099285567119,0.004955488651844131
637,0.0030252547729013052,0.0034185341443233328
638,0.0017812126398693198,0.00380919869977181
639,0.00491084540900232,0.007089008365174326
640,0.0037938102413943675,0.0030505036286283017
641,0.0036744371451440973,0.005799509913059585
642,0.0037895302913848053,0.005641610127499527
643,0.004846250143979185,0.004565283875368963
644,0.0022895182035636025,0.004972244734784627
645,0.0022162079580958765,0.008426431816803814
646,0.003795707486032457,0.005085298665132853
647,0.004117657381442114,0.0018882401472408122
648,0.004097767045957135,0.0030585774466278613
649,0.006155609140059408,0.003590270019479599
650,0.0044710000346372325,0.005831524038679663
651,0.002913951419993648,0.0020334599821738007
652,0.0022788913169571132,0.004503054374310972
653,0.004336987979063968,0.004843788113532446
654,0.003542228368304949,0.006135219785174545
655,0.004360984997758616,0.0028511841442314645
656,0.0032029809253925215,0.0013368015009248527
657,0.002667892195188407,0.007742608982953541
658,0.005030565151070121,0.006751142691918719
659,0.0024623618974451648,0.005291284753983531
660,0.003785751319157474,0.004711972260811899
661,0.004771220847504328,0.006071594165095806
662,0.0037433485422541787,0.00685854401540922
663,0.004670029125844808,0.005717564667636492
664,0.004518910310004058,0.004632756753888148
665,0.0046486604617796525,0.00452289602486137
666,0.005260309344050058,0.004800096668278191
667,0.004478440625441248,0.003944733668160469
668,0.0026994580256118005,0.005010079101374617
669,0.004727277282318402,0.007314453262556007
670,0.002628314328418456,0.005297520176839304
671,0.004872463308745985,0.005980666865286528
672,0.005194716578247512,0.003271176200337297
673,0.0045028553393996135,0.00465885868188863
674,0.003268460403667569,0.007961669841012826
675,0.002049856006078668,0.0068372422708237145
676,0.003280088175998233,0.0017066018080511259
677,0.005980150940308073,0.003889695432771543
678,0.0037354299002949685,0.003733987064905613
679,0.004894762402272822,0.0057336689372790685
680,0.004514834742174975,0.005607405503958064
681,0.00264974420289113,0.006418830806578955
682,0.003247179375146465,0.0041791470780368645
683,0.002936957103470436,0.003444259020295206
684,0.004105624993781851,0.0024553885919675854
685,0.0035762550473421766,0.003091670859512813
686,0.0029050806192718924,0.005963833907939532
687,0.004754402076240294,0.004010470748109137
688,0.0038477289830625787,0.003612725407120372
689,0.0041496094253664,0.002778001740535822
690,0.004297367551645024,0.005084374621038531
691,0.005178640293143357,0.0027501163117667035
692,0.003786797261612114,0.002487013615858755
693,0.001784256759872982,0.004699516223625562
694,0.00493970900166364,0.006362780549482215
695,0.0041840113063209864,0.007246964581513074
696,0.0017398104957397089,0.003188618693124882
697,0.00433318503668874,0.007892609673630369
698,0.0033551145072933395,0.0043340354188227456
699,0.005525917283438174,0.007557066107906296
700,0.005311594306812061,0.005570811905750953
701,0.005441118048812657,0.005419542063299019
702,0.003417145004389156,0.005795660794140789
703,0.004415108266700984,0.007616550665080373
704,0.005185986064775608,0.005687742088410951
705,0.004524785118817311,0.004180054613380561
706,0.003349077216700801,0.0063782322357596455
707,0.0036677258062554194,0.00641513365477141
708,0.0031883749790641283,0.003293624955848675
709,0.005540886149161311,0.00639189460185427
710,0.00296561605369813,0.007574031549019625
711,0.004588019903438205,0.006283141394696644
712,0.0027265686724961113,0.005367374957002267
713,0.002858802217996999,0.004044548995037092
714,0.0041590411061501326,0.0009354763801102976
715,0.004318359663681819,0.0032581199865214776
716,0.005645283342884405,0.000427378987381803
717,0.005509540479436935,0.004284565891076547
718,0.004615511179391546,0.003845655576513358
719,0.0031823345369801468,0.004426480741312202
720,0.004878984694087608,0.003048782840870199
721,0.00173275170633635,0.004597099423785427
722,0.0034009248090897883,0.00528583748227096
723,0.004354786630090797,0.007202892529935476
724,0.004686974237018074,0.00621985115865545
725,0.004295694850822576,0.00622983575081437
726,0.003926318666451027,0.006392752284609989
727,0.004417828331499346,0.0053445049089758095
728,0.004662466386307056,0.004448729315874806
729,0.0030988967298096735,0.004034528490788351
730,0.00375335376072003,0.005977592779620358
731,0.0023940127884871905,0.006613460829120547
732,0.004156235226588129,0.00625471640195271
733,0.00365345159095898,0.006869424414167498
734,0.0032023790222845978,0.005687701677464445
735,0.0035626525487860083,0.004605405378381502
736,0.0026286660496131703,0.005787184986166113
737,0.004453584846441789,0.004063789338664372
738,0.0037808518207075228,0.007237178186697654
739,0.004798289232845598,0.006966815786956222
740,0.003442894779117089,0.00588873048215359
741,0.0031627891953678816,0.00712219206730261
742,0.005157477706671951,0.005707425590951524
743,0.0021179971327230764,0.007103167884980121
744,0.0043859920871817774,0.007060981230799494
745,0.0038748685013298657,0.0034380380972307044
746,0.003151892492537656,0.004787654895038238
747,0.0055210793616040045,0.00419500739558368
748,0.00362610520661032,0.005344143833805158
749,0.004930038417700693,0.0031035309517470876
750,0.0046637974622084155,0.004555094252185653
751,0.004127713285832464,0.0038727636179654804
752,0.003050426696458744,0.0035482850351957716
753,0.003242087935779899,0.006687132823265541
754,0.003107330337148454,0.0037052192258278816
755,0.003998632900343246,0.00404173061223887
756,0.004231573643515445,0.0029926154635021105
757,0.007393241299688783,0.0015294396915292992
758,0.0013523390302299949,0.0034969450033452273
759,0.004588731160807099,0.003760338727522561
760,0.0031391810477537914,0.00511376797177417
761,0.004181227027990988,0.006466133873111963
762,0.002891864930914461,0.004957582735598489
763,0.005224185295218483,0.006868288551032225
764,0.004446207879204896,0.005551568490658448
765,0.004668290708575214,0.004794856915862521
766,0.004865286599366904,0.009001916727723668
767,0.0036989725447941087,0.0031311530477505078
768,0.00393890131267909,0.005630920148571607
769,0.00301966230796476,0.006219966968004108
770,0.0037776042604860793,0.0044908622282919105
771,0.003801995059121283,0.005879617622889813
772,0.0038114790907668662,0.0061406795726474265
773,0.0034425971244333798,0.002991342884193388
774,0.0055168151508935715,0.005121417602950182
775,0.003276324414523981,0.0020802152569124347
776,0.004290703963255719,0.004762876834912613
777,0.003592323703999416,0.0040512592857728895
778,0.005237571084434692,0.005854152113405141
779,0.003868135815411391,0.006253169729091082
780,0.0035683967154691277,0.005905218366257485
781,0.003051963496579632,0.008929047790695952
782,0.004839676472694352,0.006006111109621516
783,0.0038656722535983525,0.006446489180543359
784,0.004241041774182822,0.004195004476164951
785,0.0038993683677985133,0.0059599992066134404
786,0.0034785737729914083,0.002810055254843216
787,0.0036653556444905134,0.0040803126638435695
788,0.0040902379828629855,0.004927998325386405
789,0.004561191249002566,0.00720297775783226
790,0.004514407679883553,0.005267651937503428
791,0.004894628676760668,0.003834077948414472
792,0.0050652774196558135,0.004978029894618245
793,0.0037106058384590596,0.004424911673926435
794,0.0037335799227101235,0.004211146385659228
795,0.0005109828569062631,0.004671948490538475
796,0.006824934475692218,0.004675900541413177
797,0.005251728380542945,0.003229406569104324
798,0.004015975128586807,0.004651586269145821
799,0.0041869141374227285,0.005665518298261888
800,0.0034078974558202925,0.005235459727049914
801,0.00422223430821317,0.003916686357629554
802,0.0024320394892371573,0.005262131451302454
803,0.002482546812533994,0.0056361197983663906
804,0.005096982985962744,0.004656799602011371
805,0.004134463715297022,0.007075866805020575
806,0.00524495771248687,0.005151517952869051
807,0.0022169306165338567,0.0058988216274436685
808,0.005205398405195871,0.0025206722131165043
809,0.004711427902661248,0.002274160086612722
810,0.004373013164437327,0.005037045681411039
811,0.003148802423026508,0.007796469543897606
812,0.0035698846859214656,0.004571243221876788
813,0.002471903898105623,0.004733020401672765
814,0.005742509172518578,0.0055390115063430525
815,0.003754683036990633,0.00639110415784348
816,0.0029895088083453586,0.0037009044062929824
817,0.004688500030544793,0.002601561351280579
818,0.004459951075485219,0.004436807492449664
819,0.004949943933850362,0.004637936337170809
820,0.005379814354350685,0.005687844730904217
821,0.004124969985916784,0.004266880529454703
822,0.004375908001489213,0.004543341591496067
823,0.002805264533621641,0.005280910104933309
824,0.0063847341335064815,0.005469173694258355
825,0.002177497741576469,0.004940091224472235
826,0.004249155839787974,0.006658413146466051
827,0.0047160587581151015,0.00579986666587646
828,0.0022976443605942187,0.00600067902221053
829,0.005142074120407096,0.00738053041017275
830,0.0033909175021302382,0.0061087987084614635
831,0.003918518582674162,0.007753304914178925
832,0.0038456874879776552,0.0015229610362273677
833,0.0035627399876258744,0.005200014358900699
834,0.0036075269933015927,0.006406664422602744
835,0.004222222885384158,0.0054158455444060045
836,0.005028115056689188,0.00505419898876657
837,0.003457320525487184,0.004576331299596292
838,0.003920261717542541,0.008143212597846918
839,0.003832587928898899,0.006822362500253025
840,0.002393647229183537,0.004843701386363996
841,0.0024180063154870778,0.0025721057296326302
842,0.0065531693375674785,0.005064056448876295
843,0.0026410888825232227,0.005106512819791328
844,0.002640089186749247,0.004616279648399106
845,0.0034484892302933095,0.004019075672224065
846,0.003373280504371694,0.005266578230711811
847,0.002684606326352341,0.006744151911072909
848,0.004695087909392293,0.0038255768514219354
849,0.00398075675195704,0.006750349106600338
850,0.0041329737379752485,0.0052934698724704755
851,0.0063524769724061705,0.005746054894558176
852,0.004105948365789119,0.0034992737837528025
853,0.0026231363900256796,0.004095362730781451
854,0.005259954179348212,0.003989385531868256
855,0.0038787364943978797,0.006413438492942555
856,0.00455889584116826,0.00376374713903247
857,0.004304637292047735,0.003990598262583139
858,0.0037286546400304224,0.0037419118818078825
859,0.002597227995740123,0.007162560095704564
860,0.0057286726564003375,0.0040573814356461915
861,0.005346918529674371,0.007953095000271382
862,0.004318219497966336,0.005312961818300418
863,0.004075937833577383,0.0032318443014154015
864,0.0029917774512720325,0.004044139120182904
865,0.0035530746790251727,0.006521769445888432
866,0.00343471207047891,0.002768213356411753
867,0.005006513812551728,0.004271732594846035
868,0.002298973948289286,0.005746558841097378
869,0.004557105012828871,0.002441230760394337
870,0.002705127244123874,0.004720037895821665
871,0.0026794121765572505,0.005143235764790487
872,0.004152749960639198,0.004961072027321328
873,0.003209197206246203,0.009750917255535174
874,0.004124975493318014,0.004337795741034824
875,0.004330843276686987,0.003008637986755249
876,0.0030072670739637454,0.004371168589723556
877,0.004846979427456021,0.0043420383006276785
878,0.0030642940041016023,0.005653355088053294
879,0.004134784821669209,0.007017643202856066
880,0.003413484887613557,0.006107480983337941
881,0.0037936074472595615,0.001919502377929321
882,0.005493120995102094,0.0034802816391954466
883,0.005378493230377699,0.004162822492293702
884,0.005362811739891905,0.004429346096985135
885,0.003495078524134643,0.006003220843443874
886,0.005749544770410036,0.0052967776596978735
887,0.004024284691863109,0.00247606823472004
888,0.003699537211158386,0.00521822881034845
889,0.00482629264887531,0.004109004367691457
890,0.0012575121135588235,0.0029845784303297483
891,0.004295080965060015,0.003037561332227287
892,0.0035212142879683566,0.0051102728502195795
893,0.0034635130914123014,0.006065897522952467
894,0.0022707023389237323,0.003314585864417121
895,0.003915863371772189,0.004230159096901385
896,0.004471446088453037,0.004808017198807504
897,0.0038393271409391232,0.004433709138800888
898,0.0036352225790488627,0.0032044862115719833
899,0.0061256715448760116,0.0036544828932780684
900,0.004576333240863672,0.0033758048081195882
901,0.005027080398795829,0.006807409699046257
902,0.0032011071304631194,0.0050263474531309854
903,0.005280229379810096,0.00431162121106639
904,0.0047899162863953345,0.004942359334202912
905,0.004152967503958863,0.0035332425748134527
906,0.0035954054227035257,0.0041763814679547945
907,0.004601433504506943,0.006733785044896237
908,0.003826613296625148,0.0066401006230884605
909,0.005242076013334106,0.004375966461770074
910,0.005695768724280667,0.004636490354551254
911,0.004567256849630191,0.0034703795055086293
912,0.004908012890418451,0.004750127440390834
913,0.004127028377492413,0.005500340371515038
914,0.004053292853650457,0.0025473872510089987
915,0.005010938759326805,0.0048373740785594335
916,0.005023304565496423,0.005778931730930024
917,0.003148820711964613,0.002294766931560032
918,0.0031193687640539,0.0057575976521460305
919,0.0024003392488437182,0.006993700417989544
920,0.004490888947480216,0.0047404580219948325
921,0.0032632906184798375,0.006040354488757605
922,0.0027030841614449374,0.0028507032331095404
923,0.003629065119093304,0.006671807174042622
924,0.0021359281002780624,0.005272612044440964
925,0.003699963442117669,0.0017027230345138403
926,0.005168252316933229,0.004699587426578996
927,0.005050611700987213,0.0025194379329545663
928,0.004983884154912295,0.006413483025334547
929,0.0022977719026940546,0.005175328548770951
930,0.004262004649170061,0.004532561356611477
931,0.003783466846344998,0.004858731451639818
932,0.0027446517822790374,0.006165488957152319
933,0.003989114476116171,0.004962436077653994
934,0.004768670495028521,0.006647121887391685
935,0.004200823374319982,0.0043265697732081
936,0.0038761764705725903,0.004913056518240394
937,0.005357116803334977,0.005585249617993181
938,0.0023292118007595094,0.002936295071537499
939,0.0033814096667222123,0.0008774272489345527
940,0.005124987123350261,0.006396422833635095
941,0.004768666072979575,0.007268160268789316
942,0.004187709770644626,0.0069874915049955195
943,0.0036597836677916117,0.006951057320379736
944,0.0035121268971401386,0.00543175730517141
945,0.0028263042793805725,0.006808236466085069
946,0.004059329178775378,0.0036598936576812636
947,0.004175720642585623,0.00530882427378855
948,0.0023853653061276453,0.003251274062839649
949,0.0035085677180689166,0.006239482512652116
950,0.003497342466279809,0.010290179198443746
951,0.0034133700548742924,0.004785727278036495
952,0.0032066084885786893,0.0012061198375478547
953,0.00352526833904479,0.007461023143347298
954,0.0028568966583798925,0.003808735408272662
955,0.0044077435144188794,0.0048453906951037825
956,0.0035959528077916447,0.006639640507164495
957,0.004498275889967269,0.004961702581633817
958,0.004804040263783264,0.00489254844298703
959,0.0037136301135549253,0.003865959158102871
960,0.0031024001256480917,0.007474733405425151
961,0.00639325900878516,0.003507142018013014
962,0.004617988084927747,0.0037872946825293977
963,0.005197510778063992,0.0042247004517962745
964,0.0043853410267193724,0.004815495044257475
965,0.004985842714831658,0.005471144209736778
966,0.00391184067808163,0.005531798777034663
967,0.004133796007309562,0.006871131366118314
968,0.005272662416675953,0.0049583902823265285
969,0.003643541978212252,0.004462269149589075
970,0.00549203711108355,0.004979305498194007
971,0.002830602151474645,0.0068716175275350625
972,0.002150374851272255,0.005953313474377216
973,0.0030099799375525125,0.006290942771471502
974,0.005056992125161084,0.0036867169004853526
975,0.004787023106555393,0.0033911259046286945
976,0.004173464388328465,0.004675425291500219
977,0.003867024234370194,0.0026143730154610657
978,0.0023559311692001633,0.0012627746113260006
979,0.0025760374984896265,0.0041514680948111626
980,0.00430199587496758,0.005888836784541197
981,0.0038606930444589323,0.00564668651634586
982,0.004017722590247773,0.003231759988180172
983,0.005009633306092013,0.005788412349466603
984,0.004052220450324894,0.00399625775771614
985,0.003417484825740146,0.009313331005869084
986,0.003879506055582111,0.004261996460989101
987,0.004258822848425768,0.0036399297226098084
988,0.004403336291583422,0.006833067719694992
989,0.003573453403701943,0.004862586038930674
990,0.002467581148122587,0.002904701198559525
991,0.0046949440341048036,0.004657031055897729
992,0.004080720005051921,0.0042460911660119945
993,0.0029633190839099535,0.0042985931129293645
994,0.002942273414176658,0.004454872199754424
995,0.002104694989298248,0.006018655150225171
996,0.0026355158492246383,0.003923471554268729
997,0.0032489982524066432,0.003785175856901279
998,0.003280772330942847,0.0056018686200196115
999,0.003411544536868709,0.0035196307684594716
